ORF	Condition1	Condition2	x Coord	y Coord	Area	Eccentricity	Perimeter
YDR456W	galactose	glutamate	168.440120	150.733533	334.000000	0.533240	67.355339
YBR156C	galactose	glutamate	306.923750	150.970000	800.000000	0.382406	102.911688
YDR453C	galactose	glutamate	445.881041	150.667286	538.000000	0.391337	85.012193
YBR151W	galactose	glutamate	583.917840	148.715962	426.000000	0.552463	80.183766
YDR452W	galactose	glutamate	722.222222	149.989542	765.000000	0.371964	100.669048
YBR149W	galactose	glutamate	860.529915	146.991453	468.000000	0.485569	80.769553
wild-type	galactose	glutamate	998.872236	148.987715	814.000000	0.402950	104.083261
wild-type	galactose	glutamate	1136.300971	147.215534	515.000000	0.645917	87.840620
YDR451C	galactose	glutamate	1278.000000	148.000000	0.000000	0.000000	0.000000
YBR148W	galactose	glutamate	1414.095087	147.274168	631.000000	0.216889	91.254834
YDR450W	galactose	glutamate	1554.000000	148.000000	0.000000	0.000000	0.000000
YBR147W	galactose	glutamate	1691.448124	145.041943	453.000000	0.425280	77.112698
wild-type	galactose	glutamate	1829.198980	146.484694	588.000000	0.380222	88.426407
wild-type	galactose	glutamate	1967.417160	146.452663	676.000000	0.379198	95.597980
YDR447C	galactose	glutamate	2105.213001	144.901798	723.000000	0.136704	98.325902
YBR146W	galactose	glutamate	2243.920162	145.514208	739.000000	0.388673	98.911688
YDR446W	galactose	glutamate	2382.000000	148.000000	0.000000	0.000000	0.000000
YBR145W	galactose	glutamate	2521.758621	141.071429	406.000000	0.493381	74.526912
YDR443C	galactose	glutamate	2658.000000	148.000000	0.000000	0.000000	0.000000
YBR144C	galactose	glutamate	2797.299065	141.797508	642.000000	0.535432	97.254834
blank	galactose	glutamate	2938.163580	140.027778	324.000000	0.458141	65.941125
blank	galactose	glutamate	3072.000000	148.000000	0.000000	0.000000	0.000000
YDR442W	galactose	glutamate	3213.754902	139.762255	408.000000	0.584369	75.597980
YBR141C	galactose	glutamate	3349.886587	142.958561	917.000000	0.245903	111.982756
YDL115C	galactose	glutamate	174.000000	290.000000	0.000000	0.000000	0.000000
YCR088W	galactose	glutamate	309.466258	292.613497	489.000000	0.414010	80.769553
YOR180C	galactose	glutamate	447.896386	293.195181	415.000000	0.462002	73.941125
YCR083W	galactose	glutamate	588.000000	290.000000	0.000000	0.000000	0.000000
YOR179C	galactose	glutamate	724.380952	292.195767	378.000000	0.329481	69.698485
YCR075C	galactose	glutamate	862.923729	290.991525	472.000000	0.453430	78.769553
wild-type	galactose	glutamate	1000.970954	288.829876	482.000000	0.431409	81.597980
wild-type	galactose	glutamate	1140.000000	290.000000	0.000000	0.000000	0.000000
YNL096C	galactose	glutamate	1277.815618	287.804772	461.000000	0.537381	79.112698
YCR073C	galactose	glutamate	1416.057471	287.204598	435.000000	0.526133	75.112698
YPL137C	galactose	glutamate	1555.243437	286.921241	419.000000	0.628963	74.284271
YCR069W	galactose	glutamate	1692.000000	290.000000	0.000000	0.000000	0.000000
wild-type	galactose	glutamate	1831.256906	285.127072	362.000000	0.613253	70.284271
wild-type	galactose	glutamate	1969.093333	285.434667	375.000000	0.357530	70.183766
YPL078C	galactose	glutamate	2106.000000	290.000000	0.000000	0.000000	0.000000
YCR067C	galactose	glutamate	2245.295597	283.427673	318.000000	0.424921	64.284271
YPL036W	galactose	glutamate	2382.000000	290.000000	0.000000	0.000000	0.000000
YCR062W	galactose	glutamate	2520.000000	290.000000	0.000000	0.000000	0.000000
YPL034W	galactose	glutamate	2660.057940	280.742489	466.000000	0.722275	83.597980
YCR060W	galactose	glutamate	2799.472684	281.522565	421.000000	0.672500	78.526912
blank	galactose	glutamate	2934.000000	290.000000	0.000000	0.000000	0.000000
blank	galactose	glutamate	3072.000000	290.000000	0.000000	0.000000	0.000000
YPL027W	galactose	glutamate	3210.000000	290.000000	0.000000	0.000000	0.000000
YCR048W	galactose	glutamate	3351.511754	282.735986	553.000000	0.466333	87.497475
YDR441C	galactose	glutamate	174.000000	432.000000	0.000000	0.000000	0.000000
YBR139W	galactose	glutamate	312.000000	432.000000	0.000000	0.000000	0.000000
wild-type	galactose	glutamate	448.161290	431.545906	403.000000	0.197447	73.941125
wild-type	galactose	glutamate	586.227586	431.052874	435.000000	0.213947	78.769553
YDR440W	galactose	glutamate	724.447537	430.533191	467.000000	0.412111	87.840620
YBR138C	galactose	glutamate	863.143885	429.920863	417.000000	0.292883	76.426407
YDR439W	galactose	glutamate	1001.600000	430.021978	455.000000	0.463618	85.840620
YBR137W	galactose	glutamate	1139.200000	428.813793	435.000000	0.686270	80.426407
YDR438W	galactose	glutamate	1277.659259	428.380247	405.000000	0.598702	75.012193
YBR134W	galactose	glutamate	1416.692875	426.904177	407.000000	0.612215	75.941125
YDL095W	galactose	glutamate	1554.325980	426.882353	408.000000	0.534459	75.012193
YBR132C	galactose	glutamate	1692.880519	426.685714	385.000000	0.686273	74.183766
YDL094C	galactose	glutamate	1830.348525	425.906166	373.000000	0.579778	70.183766
YBR130C	galactose	glutamate	1968.640103	424.892031	389.000000	0.652494	74.769553
YDL093W	galactose	glutamate	2109.356897	426.050000	580.000000	0.737766	104.325902
YBR129C	galactose	glutamate	2246.591022	425.588529	401.000000	0.564715	77.355339
YDL091C	galactose	glutamate	2385.045977	424.885057	348.000000	0.543511	70.870058
blank	galactose	glutamate	2520.000000	432.000000	0.000000	0.000000	0.000000
YDL089W	galactose	glutamate	2661.025445	423.773537	393.000000	0.726677	81.012193
YBR126C	galactose	glutamate	2798.994118	423.064706	340.000000	0.734920	75.941125
YDL088C	galactose	glutamate	2935.735230	422.485777	457.000000	0.734470	96.083261
YBR121C	galactose	glutamate	3074.730205	421.304985	341.000000	0.684653	70.526912
YDL086W	galactose	glutamate	3214.044444	422.000000	450.000000	0.734066	83.597980
YBR120C	galactose	glutamate	3353.996997	424.735736	333.000000	0.608137	66.284271
YPL017C	galactose	glutamate	168.316062	576.546632	386.000000	0.596305	73.597980
YCR047C	galactose	glutamate	308.994236	577.501441	347.000000	0.475155	66.870058
wild-type	galactose	glutamate	448.400480	572.860911	417.000000	0.401247	77.840620
wild-type	galactose	glutamate	588.000000	574.000000	0.000000	0.000000	0.000000
YPL004C	galactose	glutamate	725.084783	572.123913	460.000000	0.375281	84.426407
YCR046C	galactose	glutamate	864.000000	574.000000	0.000000	0.000000	0.000000
YOR303W	galactose	glutamate	1000.474201	571.533170	407.000000	0.583539	80.426407
YCR033W	galactose	glutamate	1137.795732	571.490854	328.000000	0.508563	65.941125
YOR302W	galactose	glutamate	1276.935780	569.305046	436.000000	0.554413	79.597980
YCR032W	galactose	glutamate	1415.307937	569.882540	315.000000	0.610660	63.941125
YOR276W	galactose	glutamate	1553.563307	568.369509	387.000000	0.778926	87.840620
YCR030C	galactose	glutamate	1692.984655	567.631714	391.000000	0.716942	80.183766
YOR275C	galactose	glutamate	1830.085106	567.772036	329.000000	0.539562	68.426407
YCR028C-A	galactose	glutamate	1971.767591	567.206823	469.000000	0.753899	107.740115
YOR274W	galactose	glutamate	2108.291545	566.714286	343.000000	0.685673	70.870058
YCL026C-A	galactose	glutamate	2244.000000	574.000000	0.000000	0.000000	0.000000
YOR273C	galactose	glutamate	2385.405488	566.625000	328.000000	0.612277	69.455844
YBR301W	galactose	glutamate	2520.000000	574.000000	0.000000	0.000000	0.000000
YOR271C	galactose	glutamate	2658.000000	574.000000	0.000000	0.000000	0.000000
YBR294W	galactose	glutamate	2799.181303	564.501416	353.000000	0.623168	72.870058
YOR270C	galactose	glutamate	2934.000000	574.000000	0.000000	0.000000	0.000000
YBR289W	galactose	glutamate	3072.000000	574.000000	0.000000	0.000000	0.000000
YOR269W	galactose	glutamate	3214.611979	562.992188	384.000000	0.757899	75.941125
YBR288C	galactose	glutamate	3350.346880	567.642961	689.000000	0.217754	96.083261
YDL085W	galactose	glutamate	169.826590	720.210983	692.000000	0.485360	96.669048
YBR119W	galactose	glutamate	309.954327	715.740385	416.000000	0.462756	73.597980
YDL083C	galactose	glutamate	450.000000	716.000000	0.000000	0.000000	0.000000
YBR116C	galactose	glutamate	586.179298	714.014787	541.000000	0.591561	94.911688
YDL082W	galactose	glutamate	723.958209	714.829851	335.000000	0.556549	67.941125
YBR115C	galactose	glutamate	862.734403	713.843137	561.000000	0.630546	101.497475
YDL081C	galactose	glutamate	1002.000000	716.000000	0.000000	0.000000	0.000000
YBR114W	galactose	glutamate	1139.309735	712.325221	452.000000	0.494792	82.183766
YDL080C	galactose	glutamate	1277.275148	711.511834	338.000000	0.439112	67.355339
YBR113W	galactose	glutamate	1416.116959	711.201754	342.000000	0.651868	71.355339
wild-type	galactose	glutamate	1554.362205	710.818898	508.000000	0.728820	108.083261
wild-type	galactose	glutamate	1693.523466	710.613718	554.000000	0.702578	117.639610
YDL079C	galactose	glutamate	1830.000000	716.000000	0.000000	0.000000	0.000000
YBR111C	galactose	glutamate	1969.129241	710.001616	619.000000	0.602469	129.396970
YDL078C	galactose	glutamate	2106.000000	716.000000	0.000000	0.000000	0.000000
YBR108W	galactose	glutamate	2247.777528	708.191011	445.000000	0.727057	88.083261
YDL076C	galactose	glutamate	2386.112000	707.333333	375.000000	0.703408	75.597980
YBR107C	galactose	glutamate	2520.000000	716.000000	0.000000	0.000000	0.000000
wild-type	galactose	glutamate	2660.461126	706.689008	373.000000	0.692336	75.698485
wild-type	galactose	glutamate	2798.810707	706.730402	523.000000	0.680255	100.083261
YDL071C	galactose	glutamate	2937.361111	705.772727	396.000000	0.746794	85.597980
YBR106W	galactose	glutamate	3072.000000	716.000000	0.000000	0.000000	0.000000
YDL070W	galactose	glutamate	3210.000000	716.000000	0.000000	0.000000	0.000000
YBR104W	galactose	glutamate	3348.000000	716.000000	0.000000	0.000000	0.000000
YOR268C	galactose	glutamate	174.000000	858.000000	0.000000	0.000000	0.000000
YBR287W	galactose	glutamate	309.621212	858.285354	396.000000	0.438937	72.183766
YOR267C	galactose	glutamate	447.303965	856.433921	454.000000	0.573238	83.597980
YBR280C	galactose	glutamate	585.937075	856.425170	588.000000	0.605228	94.911688
YOR266W	galactose	glutamate	723.551963	855.016166	433.000000	0.605691	85.254834
YBR276C	galactose	glutamate	861.880407	854.913486	393.000000	0.586720	76.183766
YOR265W	galactose	glutamate	1000.167401	853.914097	454.000000	0.692511	89.012193
YBR275C	galactose	glutamate	1138.882022	854.320225	534.000000	0.644496	99.254834
YOL155C	galactose	glutamate	1277.505010	853.422846	499.000000	0.730325	92.911688
YBR272C	galactose	glutamate	1415.656836	852.541555	373.000000	0.709269	83.254834
wild-type	galactose	glutamate	1554.928721	852.561845	477.000000	0.712135	104.325902
wild-type	galactose	glutamate	1692.226244	852.013575	442.000000	0.725679	100.669048
YOL152W	galactose	glutamate	1832.318059	851.339623	371.000000	0.770068	83.254834
YBR270C	galactose	glutamate	1968.624585	851.818937	602.000000	0.623875	121.497475
YNL142W	galactose	glutamate	2108.967262	850.583333	336.000000	0.704141	73.941125
YBR169C	galactose	glutamate	2244.000000	858.000000	0.000000	0.000000	0.000000
YNL140C	galactose	glutamate	2384.925816	849.492582	337.000000	0.730897	75.355339
YBR168W	galactose	glutamate	2520.000000	858.000000	0.000000	0.000000	0.000000
wild-type	galactose	glutamate	2661.456583	848.554622	357.000000	0.731992	77.355339
wild-type	galactose	glutamate	2796.000000	858.000000	0.000000	0.000000	0.000000
YMR322C	galactose	glutamate	2936.580046	846.928074	431.000000	0.751506	93.840620
YBR150C	galactose	glutamate	3074.718033	847.524590	610.000000	0.628574	112.225397
YKR106W	galactose	glutamate	3214.583333	847.139640	444.000000	0.759217	85.012193
YBR131W	galactose	glutamate	3350.121805	851.842105	665.000000	0.282917	94.083261
YDL068W	galactose	glutamate	174.000000	1000.000000	0.000000	0.000000	0.000000
YBR103W	galactose	glutamate	312.000000	1000.000000	0.000000	0.000000	0.000000
YDL066W	galactose	glutamate	447.728538	998.740139	431.000000	0.609603	82.426407
YBR099C	galactose	glutamate	585.455856	998.455856	555.000000	0.616857	98.325902
YDL065C	galactose	glutamate	723.376744	997.655814	430.000000	0.592256	84.426407
YBR095C	galactose	glutamate	861.120944	997.241888	339.000000	0.408243	68.183766
YDL063C	galactose	glutamate	1000.743827	996.157407	324.000000	0.515363	68.526912
YBR094W	galactose	glutamate	1137.797802	996.512088	455.000000	0.674967	92.911688
YDL062W	galactose	glutamate	1277.244770	996.728033	478.000000	0.699709	93.840620
YBR093C	galactose	glutamate	1415.281008	994.939922	516.000000	0.626706	108.325902
YDL057W	galactose	glutamate	1553.723971	994.314770	413.000000	0.677450	87.254834
YBR092C	galactose	glutamate	1692.392248	994.986047	645.000000	0.477007	148.124892
YDL056W	galactose	glutamate	1830.000000	1000.000000	0.000000	0.000000	0.000000
YBR090C-A	galactose	glutamate	1968.624339	994.197531	567.000000	0.520678	124.225397
YDL054C	galactose	glutamate	2109.076305	992.895582	498.000000	0.695335	98.426407
YBR084W	galactose	glutamate	2246.311828	991.931183	465.000000	0.724618	92.911688
blank	galactose	glutamate	2382.000000	1000.000000	0.000000	0.000000	0.000000
YBR082C	galactose	glutamate	2522.801508	990.695980	398.000000	0.673064	84.183766
YDL052C	galactose	glutamate	2661.046448	990.609290	366.000000	0.724516	79.254834
YPR078C	galactose	glutamate	2800.306329	991.177215	395.000000	0.627148	75.355339
YDL051W	galactose	glutamate	2937.624724	990.309051	453.000000	0.717527	83.597980
YPR064W	galactose	glutamate	3076.115578	989.763819	398.000000	0.737066	86.426407
wild-type	galactose	glutamate	3210.000000	1000.000000	0.000000	0.000000	0.000000
wild-type	galactose	glutamate	3349.650685	993.702740	730.000000	0.247841	98.669048
YKL053C-A	galactose	glutamate	174.000000	1142.000000	0.000000	0.000000	0.000000
YBR125C	galactose	glutamate	310.640449	1141.534831	445.000000	0.533084	79.840620
YJR055W	galactose	glutamate	450.000000	1142.000000	0.000000	0.000000	0.000000
YMR119W	galactose	glutamate	588.000000	1142.000000	0.000000	0.000000	0.000000
YJR003C	galactose	glutamate	724.351288	1140.107728	427.000000	0.618301	85.254834
YBR100W	galactose	glutamate	864.000000	1142.000000	0.000000	0.000000	0.000000
YIR044C	galactose	glutamate	1000.786355	1140.166966	557.000000	0.494222	106.083261
YBR090C	galactose	glutamate	1140.000000	1142.000000	0.000000	0.000000	0.000000
YIR043C	galactose	glutamate	1277.531599	1138.531599	538.000000	0.555690	109.497475
YBR084C-A	galactose	glutamate	1416.000000	1142.000000	0.000000	0.000000	0.000000
YIR032C	galactose	glutamate	1554.276163	1136.694767	344.000000	0.688927	82.183766
YBR083W	galactose	glutamate	1692.000000	1142.000000	0.000000	0.000000	0.000000
YIR030C	galactose	glutamate	1830.143251	1136.192837	363.000000	0.728057	89.840620
YAR002C-A	galactose	glutamate	1968.000000	1142.000000	0.000000	0.000000	0.000000
YIR023W	galactose	glutamate	2106.000000	1142.000000	0.000000	0.000000	0.000000
YML035C	galactose	glutamate	2246.061798	1134.160112	356.000000	0.731720	92.426407
YIL092W	galactose	glutamate	2385.121372	1133.559367	379.000000	0.731159	81.012193
YKR053C	galactose	glutamate	2523.398964	1133.720207	386.000000	0.669235	73.941125
YIL058W	galactose	glutamate	2661.067524	1133.302251	622.000000	0.678070	115.982756
YKR046C	galactose	glutamate	2800.976401	1133.339233	339.000000	0.720018	75.941125
YIL030C	galactose	glutamate	2938.696891	1133.168394	386.000000	0.674271	77.012193
YKR041W	galactose	glutamate	3072.000000	1142.000000	0.000000	0.000000	0.000000
wild-type	galactose	glutamate	3215.454183	1133.914343	502.000000	0.690892	85.597980
wild-type	galactose	glutamate	3353.291304	1133.504348	460.000000	0.507308	78.183766
YDL050C	galactose	glutamate	169.515337	1285.883436	326.000000	0.305400	66.526912
YPR050C	galactose	glutamate	310.240695	1283.920596	403.000000	0.534864	77.597980
YDL049C	galactose	glutamate	447.558758	1283.150776	451.000000	0.665234	91.012193
YPR043W	galactose	glutamate	588.000000	1284.000000	0.000000	0.000000	0.000000
YDL048C	galactose	glutamate	723.223214	1282.029018	448.000000	0.621973	84.426407
YPR037C	galactose	glutamate	862.000000	1281.701456	412.000000	0.652220	81.012193
YDL046W	galactose	glutamate	1000.109312	1281.091093	494.000000	0.592820	96.183766
YPR031W	galactose	glutamate	1138.040323	1280.326613	496.000000	0.657811	92.669048
blank	galactose	glutamate	1278.000000	1284.000000	0.000000	0.000000	0.000000
YPR026W	galactose	glutamate	1415.926635	1280.422648	627.000000	0.580257	125.639610
YDL045W-A	galactose	glutamate	1554.000000	1284.000000	0.000000	0.000000	0.000000
blank	galactose	glutamate	1692.000000	1284.000000	0.000000	0.000000	0.000000
YDL044C	galactose	glutamate	1830.000000	1284.000000	0.000000	0.000000	0.000000
YPR024W	galactose	glutamate	1968.792952	1277.592511	454.000000	0.635692	109.982756
wild-type	galactose	glutamate	2108.720238	1277.315476	504.000000	0.683078	99.497475
wild-type	galactose	glutamate	2246.553191	1276.595745	564.000000	0.681120	104.325902
YDL039C	galactose	glutamate	2385.446640	1276.250988	506.000000	0.696995	99.012193
YPR023C	galactose	glutamate	2522.562319	1275.478261	345.000000	0.671088	70.526912
blank	galactose	glutamate	2658.000000	1284.000000	0.000000	0.000000	0.000000
YPR022C	galactose	glutamate	2798.971993	1276.042834	607.000000	0.650477	110.811183
wild-type	galactose	glutamate	2937.162641	1274.780998	621.000000	0.637179	98.669048
wild-type	galactose	glutamate	3075.938640	1274.527363	603.000000	0.579609	102.325902
YDL037C	galactose	glutamate	3215.706935	1277.612975	447.000000	0.642790	79.597980
YPR013C	galactose	glutamate	3350.246134	1278.470361	776.000000	0.265970	101.740115
YHR132W-A	galactose	glutamate	169.651546	1429.793814	485.000000	0.373315	81.840620
YKR040C	galactose	glutamate	310.645631	1426.160194	412.000000	0.430455	78.183766
YGR295C	galactose	glutamate	448.188862	1424.697337	413.000000	0.732037	85.012193
YKR039W	galactose	glutamate	585.881517	1424.675355	422.000000	0.566487	82.083261
YPL224C	galactose	glutamate	723.975556	1425.140000	450.000000	0.704074	92.083261
YKR036C	galactose	glutamate	862.554987	1423.585678	391.000000	0.610567	75.112698
YPL183W-A	galactose	glutamate	1001.272152	1423.477848	316.000000	0.703720	75.012193
YKR034W	galactose	glutamate	1139.010499	1421.981627	381.000000	0.678418	78.183766
YPL183C	galactose	glutamate	1276.836489	1422.960413	581.000000	0.605534	105.497475
YKR029C	galactose	glutamate	1415.564677	1421.529851	402.000000	0.659597	80.769553
YMR173W	galactose	glutamate	1554.243513	1420.754491	501.000000	0.655935	89.840620
YKR028W	galactose	glutamate	1692.000000	1426.000000	0.000000	0.000000	0.000000
blank	galactose	glutamate	1830.000000	1426.000000	0.000000	0.000000	0.000000
YKR027W	galactose	glutamate	1968.000000	1426.000000	0.000000	0.000000	0.000000
wild-type	galactose	glutamate	2107.822266	1419.062500	512.000000	0.681877	102.669048
blank	galactose	glutamate	2244.000000	1426.000000	0.000000	0.000000	0.000000
YMR160W	galactose	glutamate	2386.600536	1418.726542	373.000000	0.738725	80.426407
YKR023W	galactose	glutamate	2524.481928	1418.012048	332.000000	0.738959	72.769553
YMR139W	galactose	glutamate	2662.192698	1417.095335	493.000000	0.729330	90.083261
YKR019C	galactose	glutamate	2799.490040	1417.193227	502.000000	0.715012	91.497475
wild-type	galactose	glutamate	2938.717143	1418.480000	350.000000	0.503878	71.941125
wild-type	galactose	glutamate	3076.794118	1418.098930	374.000000	0.469559	79.355339
YMR138W	galactose	glutamate	3215.222453	1419.729730	481.000000	0.661614	83.254834
YKR010C	galactose	glutamate	3350.451117	1420.652235	716.000000	0.207839	97.497475
wild-type	galactose	glutamate	170.868805	1568.982507	343.000000	0.550923	68.183766
wild-type	galactose	glutamate	310.978022	1567.624176	455.000000	0.645549	84.325902
YDL035C	galactose	glutamate	448.994413	1567.516760	358.000000	0.569975	71.012193
YPR008W	galactose	glutamate	586.230000	1567.088000	500.000000	0.690546	94.426407
YDL034W	galactose	glutamate	724.656863	1566.894608	408.000000	0.690791	83.355339
YPR007C	galactose	glutamate	862.047917	1566.097917	480.000000	0.678769	91.740115
YDL033C	galactose	glutamate	1000.102326	1565.520930	430.000000	0.720201	96.083261
YOL147C	galactose	glutamate	1139.636574	1564.648148	432.000000	0.695202	84.426407
wild-type	galactose	glutamate	1277.350711	1563.464455	422.000000	0.673054	86.669048
wild-type	galactose	glutamate	1415.181474	1564.257089	529.000000	0.624833	106.568542
YDL032W	galactose	glutamate	1554.439883	1563.950147	341.000000	0.725705	75.012193
YNL111C	galactose	glutamate	1692.971246	1563.255591	626.000000	0.599317	127.982756
YDL027C	galactose	glutamate	1831.333333	1563.016502	606.000000	0.580544	125.396970
YNR069C	galactose	glutamate	1970.542986	1563.126697	663.000000	0.540296	135.053824
YDL025C	galactose	glutamate	2110.688218	1563.431034	696.000000	0.715961	126.568542
YNR055C	galactose	glutamate	2247.174957	1561.385935	583.000000	0.709730	104.669048
YDL024C	galactose	glutamate	2385.865116	1561.350388	645.000000	0.650423	112.669048
YNL109W	galactose	glutamate	2523.507716	1561.283951	648.000000	0.689204	119.053824
YDL023C	galactose	glutamate	2661.670245	1560.420245	652.000000	0.668264	113.154329
YMR104C	galactose	glutamate	2798.467033	1561.320055	728.000000	0.565304	127.396970
YDL022W	galactose	glutamate	2938.048309	1560.576490	621.000000	0.627983	111.982756
YMR037C	galactose	glutamate	3077.847670	1559.379928	558.000000	0.660503	95.941125
YDL020C	galactose	glutamate	3210.000000	1568.000000	0.000000	0.000000	0.000000
YML115C	galactose	glutamate	3349.926450	1562.708628	707.000000	0.391160	97.254834
wild-type	galactose	glutamate	171.417832	1713.311189	572.000000	0.290595	89.254834
wild-type	galactose	glutamate	310.862613	1709.108108	444.000000	0.652233	84.083261
YMR137C	galactose	glutamate	448.521472	1709.481595	326.000000	0.645004	69.012193
YKL220C	galactose	glutamate	585.842566	1708.271137	343.000000	0.547619	69.355339
YMR135W-A	galactose	glutamate	725.707483	1708.428571	441.000000	0.726491	91.840620
YKL215C	galactose	glutamate	863.186528	1707.227979	386.000000	0.763031	85.254834
YMR048W	galactose	glutamate	1002.882857	1706.528571	350.000000	0.785488	77.597980
YKL204W	galactose	glutamate	1140.000000	1710.000000	0.000000	0.000000	0.000000
wild-type	galactose	glutamate	1277.985417	1704.877083	480.000000	0.693002	96.083261
wild-type	galactose	glutamate	1416.395652	1705.154348	460.000000	0.727881	99.840620
blank	galactose	glutamate	1554.000000	1710.000000	0.000000	0.000000	0.000000
YKL202W	galactose	glutamate	1693.787402	1703.889764	381.000000	0.722844	91.012193
YML076C	galactose	glutamate	1831.302457	1704.561437	529.000000	0.683962	111.497475
YJL213W	galactose	glutamate	1969.818898	1703.944882	508.000000	0.731496	99.597980
YML075C	galactose	glutamate	2109.042230	1703.866554	592.000000	0.689636	109.154329
YKL194C	galactose	glutamate	2244.000000	1710.000000	0.000000	0.000000	0.000000
YML047C	galactose	glutamate	2384.645588	1703.138235	680.000000	0.627519	119.982756
YKL139W	galactose	glutamate	2520.000000	1710.000000	0.000000	0.000000	0.000000
YML042W	galactose	glutamate	2661.455988	1703.608947	693.000000	0.581295	116.225397
YKL115C	galactose	glutamate	2800.393491	1702.065089	676.000000	0.641191	111.740115
YML041C	galactose	glutamate	2939.558140	1703.630814	344.000000	0.221246	69.112698
YKL096W-A	galactose	glutamate	3077.047091	1703.673130	361.000000	0.541868	75.355339
YML038C	galactose	glutamate	3215.467023	1703.126560	561.000000	0.503325	90.669048
YJL177W	galactose	glutamate	3348.000000	1710.000000	0.000000	0.000000	0.000000
YDL019C	galactose	glutamate	171.923944	1852.281690	355.000000	0.494482	70.183766
YML066C	galactose	glutamate	312.000000	1852.000000	0.000000	0.000000	0.000000
YDL018C	galactose	glutamate	448.538922	1850.670659	501.000000	0.687736	97.740115
YLR439W	galactose	glutamate	588.000000	1852.000000	0.000000	0.000000	0.000000
wild-type	galactose	glutamate	724.931567	1849.955850	453.000000	0.755053	98.669048
wild-type	galactose	glutamate	863.952164	1848.432802	439.000000	0.719112	90.669048
YDL013W	galactose	glutamate	1001.284375	1848.181250	320.000000	0.784358	75.012193
YLR390W-A	galactose	glutamate	1140.501134	1847.888889	441.000000	0.755244	93.840620
YDL012C	galactose	glutamate	1278.691057	1847.306911	492.000000	0.724944	105.254834
YLR110C	galactose	glutamate	1416.000000	1852.000000	0.000000	0.000000	0.000000
YDL011C	galactose	glutamate	1555.465546	1847.470588	595.000000	0.638487	125.639610
YKR102W	galactose	glutamate	1693.966605	1846.552876	539.000000	0.701835	113.154329
YDL010W	galactose	glutamate	1832.087248	1847.206376	596.000000	0.615565	128.468037
YKR096W	galactose	glutamate	1970.957565	1846.060886	542.000000	0.725511	113.396970
YDL009C	galactose	glutamate	2109.393728	1845.794425	574.000000	0.689612	110.669048
YKR095W	galactose	glutamate	2248.071918	1845.207192	584.000000	0.720511	127.639610
blank	galactose	glutamate	2382.000000	1852.000000	0.000000	0.000000	0.000000
YKR094C	galactose	glutamate	2524.269350	1846.151703	646.000000	0.659655	100.911688
YDL002C	galactose	glutamate	2662.331183	1843.597849	465.000000	0.714862	89.254834
YLR455W	galactose	glutamate	2799.948998	1844.326047	549.000000	0.658696	91.254834
YDL001W	galactose	glutamate	2936.366000	1845.816000	1000.000000	0.225294	119.396970
YJL128C	galactose	glutamate	3076.362602	1843.743089	615.000000	0.618598	100.911688
YBR172C	galactose	glutamate	3215.464348	1845.304348	575.000000	0.595281	93.840620
YJL105W	galactose	glutamate	3350.268542	1846.090793	782.000000	0.234291	101.497475
YML036W	galactose	glutamate	174.000000	1994.000000	0.000000	0.000000	0.000000
YJL175W	galactose	glutamate	312.878049	1993.003049	328.000000	0.633040	66.526912
YML027W	galactose	glutamate	449.604265	1992.007109	422.000000	0.716467	83.012193
YJL141C	galactose	glutamate	587.890496	1991.855372	484.000000	0.664785	96.083261
wild-type	galactose	glutamate	725.312661	1991.219638	387.000000	0.763833	93.254834
wild-type	galactose	glutamate	863.889764	1990.729659	381.000000	0.773560	86.083261
YML022W	galactose	glutamate	1003.282407	1990.599537	432.000000	0.754482	89.497475
YOL125W	galactose	glutamate	1142.863179	1990.790744	497.000000	0.754701	101.497475
YLR406C	galactose	glutamate	1280.539106	1989.902235	358.000000	0.773923	79.597980
YJL137C	galactose	glutamate	1419.265130	1989.616715	347.000000	0.744855	80.426407
YLR394W	galactose	glutamate	1556.337634	1988.010753	465.000000	0.734326	89.840620
YJL136C	galactose	glutamate	1692.000000	1994.000000	0.000000	0.000000	0.000000
YLR382C	galactose	glutamate	1830.000000	1994.000000	0.000000	0.000000	0.000000
YGR250C	galactose	glutamate	1971.937220	1989.736921	669.000000	0.654681	112.568542
YLR370C	galactose	glutamate	2109.703533	1989.001536	651.000000	0.714604	111.982756
YGR248W	galactose	glutamate	2248.326415	1988.300000	530.000000	0.746065	100.669048
YLR361C	galactose	glutamate	2385.881696	1987.640625	448.000000	0.721878	83.597980
YGR239C	galactose	glutamate	2524.036021	1986.821612	583.000000	0.735558	94.669048
YLR358C	galactose	glutamate	2658.000000	1994.000000	0.000000	0.000000	0.000000
YGR238C	galactose	glutamate	2800.686464	1986.904696	724.000000	0.616018	110.911688
YLR346C	galactose	glutamate	2938.643519	1987.111111	432.000000	0.623296	81.012193
YGR117C	galactose	glutamate	3075.564841	1987.126801	347.000000	0.521635	69.355339
YLR334C	galactose	glutamate	3215.039695	1987.319084	655.000000	0.652785	98.911688
YGR110W	galactose	glutamate	3350.389558	1987.855422	747.000000	0.283104	99.254834
YBR171W	galactose	glutamate	171.664087	2138.695046	646.000000	0.497172	96.083261
YJL094C	galactose	glutamate	312.476562	2135.519531	512.000000	0.687076	91.597980
YBR170C	galactose	glutamate	450.421384	2134.327044	477.000000	0.704359	85.254834
YJL078C	galactose	glutamate	588.000000	2136.000000	0.000000	0.000000	0.000000
YBR166C	galactose	glutamate	727.345494	2133.755365	466.000000	0.731769	91.840620
YJL070C	galactose	glutamate	866.525988	2133.590437	481.000000	0.757796	89.254834
YBR165W	galactose	glutamate	1004.263948	2132.590129	466.000000	0.686045	82.183766
YJL042W	galactose	glutamate	1143.829945	2133.295749	541.000000	0.735480	98.083261
YBR164C	galactose	glutamate	1278.000000	2136.000000	0.000000	0.000000	0.000000
YHR171W	galactose	glutamate	1419.779798	2132.357576	495.000000	0.731001	90.183766
YBR163W	galactose	glutamate	1558.285714	2132.212121	462.000000	0.660508	87.698485
YHR146W	galactose	glutamate	1696.782344	2133.569254	657.000000	0.732806	110.568542
YBR162W-A	galactose	glutamate	1833.890110	2132.298077	728.000000	0.708128	118.225397
YFR024C	galactose	glutamate	1972.786795	2131.951857	727.000000	0.667793	118.468037
YBR162C	galactose	glutamate	2109.963329	2131.196051	709.000000	0.669872	109.053824
YFR019W	galactose	glutamate	2248.737463	2130.203540	339.000000	0.331659	67.941125
wild-type	galactose	glutamate	2385.928049	2131.013415	820.000000	0.595113	113.396970
wild-type	galactose	glutamate	2524.068268	2130.131479	791.000000	0.632707	107.982756
YBR161W	galactose	glutamate	2662.911330	2129.503695	812.000000	0.614205	107.982756
YFL019C	galactose	glutamate	2798.937563	2130.522659	993.000000	0.494151	133.882251
YBR159W	galactose	glutamate	2934.000000	2136.000000	0.000000	0.000000	0.000000
YFL014W	galactose	glutamate	3076.098739	2128.567227	476.000000	0.395361	80.183766
YBR158W	galactose	glutamate	3215.427457	2128.945398	641.000000	0.567629	94.325902
YFL013W-A	galactose	glutamate	3348.000000	2136.000000	0.000000	0.000000	0.000000
YLR246W	galactose	glutamate	171.643349	2283.538991	872.000000	0.350588	107.740115
YGR106C	galactose	glutamate	309.505929	2279.126482	506.000000	0.577562	83.355339
YLR237W	galactose	glutamate	450.000000	2278.000000	0.000000	0.000000	0.000000
YGR093W	galactose	glutamate	587.040373	2277.484472	322.000000	0.645020	65.455844
YLR192C	galactose	glutamate	725.502849	2279.938746	702.000000	0.500914	98.669048
YGR092W	galactose	glutamate	863.077634	2278.658041	541.000000	0.469353	85.941125
YGR155W	galactose	glutamate	1001.373444	2280.858921	723.000000	0.323931	98.083261
YGR089W	galactose	glutamate	1139.908836	2280.359046	713.000000	0.191104	97.012193
YER037W	galactose	glutamate	1278.000000	2278.000000	0.000000	0.000000	0.000000
YGR086C	galactose	glutamate	1416.139535	2280.094391	731.000000	0.356934	97.840620
YER027C	galactose	glutamate	1554.302122	2278.785268	801.000000	0.402803	104.083261
YGR053C	galactose	glutamate	1694.488017	2274.281046	459.000000	0.495569	79.012193
YDR074W	galactose	glutamate	1830.480734	2275.390826	545.000000	0.538943	84.769553
YGR050C	galactose	glutamate	1969.317073	2277.504065	738.000000	0.425782	99.254834
YDR071C	galactose	glutamate	2107.715159	2276.872861	818.000000	0.359877	106.083261
YGR040W	galactose	glutamate	2245.408971	2276.267810	758.000000	0.314754	100.083261
wild-type	galactose	glutamate	2383.915612	2275.590717	711.000000	0.335166	98.083261
wild-type	galactose	glutamate	2521.937771	2275.172214	691.000000	0.399196	96.426407
YCL035C	galactose	glutamate	2660.525937	2273.005764	694.000000	0.171926	96.669048
YGR038W	galactose	glutamate	2799.315972	2271.979167	576.000000	0.135070	86.669048
YBR191W	galactose	glutamate	2938.263708	2269.569191	383.000000	0.602008	72.284271
YGR032W	galactose	glutamate	3072.000000	2278.000000	0.000000	0.000000	0.000000
YCR089W	galactose	glutamate	3212.127208	2272.247350	849.000000	0.273671	106.325902
YGR028W	galactose	glutamate	3352.509363	2269.235955	534.000000	0.633413	87.840620
