<?xml version="1.0" encoding="UTF-8"?>
<Editor version="1.0">
   <File absPath="C:\Users\va-mbray\Desktop" lastWrittenTime="1242663054218" name="startup.m">
      <CodeFolds version="1.0"/>
   </File>
   <File absPath="C:\CellProfiler_7184\Modules" lastWrittenTime="1242663055436" name="IdentifyPrimAutomatic.m">
      <CodeFolds version="1.0"/>
   </File>
   <File absPath="C:\CellProfiler_7184\CPsubfunctions" lastWrittenTime="1242663055468" name="CPconvertsql.m">
      <CodeFolds version="1.0"/>
   </File>
   <File absPath="C:\CellProfiler_7184\CPsubfunctions" lastWrittenTime="1242663055515" name="CPconfirmallimagespresent.m">
      <CodeFolds version="1.0"/>
   </File>
</Editor>